"Year week","Pizza","Price offer","Christmas","New year","17th of May - National day","Easter","Kr. Himmelfart (Ascension day)","Pinse (pentecost)","Summer vacation","Temperature","Precipitation","Sun","Campaign 1","Campaign 2","Campaign 3","Campaign 4","Campaign 5","Campaign 6","Campaign 7","Campaign 8","Campaign 9","Campaign 10","Campaign 11","Campaign 12","Campaign 13","Campaign 14","Campaign 15","Campaign 16","Campaign17","Campaign 18","Competitor 1","Competitor 2","Competitor 3","Competitor 4","Competitor 5","Competitor 6","Competitor 7"
"2017-1",100,0,0,0,0,0,0,0,0,1.31762360651253,38.3788542786695,2.31386258264047,0,0,0,0,0,0,0,0,0,0,0,0,0,0,0,0,0,0,0,0,0,0,0,31.4,0
"2017-2",221.475356225181,15.2840348449791,0,0,0,0,0,0,0,1.09508805216872,47.0730254933527,1.56308396398877,0,0,0,0,0,0,0,0,0,0,0,0,0,0,0,0,0,0,0,0,0,0,0,22,0
"2017-3",131.270263957019,2.65712932495872,0,0,0,0,0,0,0,-0.998829063608293,28.2438726978682,3.92486218945084,0,0,0,0,0,0,0,0,0,0,0,0,0,0,0,0,0,0,0,102.9,0,0,0,12.3,0
"2017-4",127.853305302499,2.41305939746907,0,0,0,0,0,0,0,-6.6542909273903,15.7611241482245,7.09442435249946,0,0,0,0,0,0,0,0,0,0,0,0,0,0,0,0,0,0,0,159.4,0,0,0,19,0
"2017-5",146.755430974071,4.33813257064682,0,0,0,0,0,0,0,0.251072165637006,28.8655213617171,3.88206845660442,0,0,0,0,0,0,0,0,0,0,0,0,0,0,0,0,0,0,0,0,0,0,0,17,0
"6",114.369539827143,0.203281371836918,0,0,0,0,0,0,0,-8.0983946916996,7.97003260586512,11.0503749510032,0,0,0,0,0,0,0,0,0,0,0,0,0,0,0,0,0,0,0,0,0,0,0,28.7,0
"7",104.911002102313,0.137631673022576,0,0,0,0,0,0,0,-2.67699900475735,13.6414583855004,8.39561375155366,0,0,0,0,0,0,0,0,0,0,0,0,0,0,0,0,0,0,0,0,0,0,0,37.9,0
"8",122.969399672974,3.34191379759796,0,0,0,0,0,0,0,-5.76159503221826,15.4615482468828,8.55213502241695,0,0,0,0,0,0,0,0,0,0,0,0,0,0,0,0,0,0,0,0,0,0,0,19.4,0
"9",107.54683485167,1.36355338369524,0,0,0,0,0,0,0,-0.0304055782254443,15.0659641512981,7.52406066738704,0,0,0,0,0,0,0,0,0,0,0,0,0,0,0,0,0,0,0,0,0,0,0,21.6,0
"10",111.117028731605,0.0560949176857333,0,0,0,0,0,0,0,2.2347671202239,31.0476932044331,8.74532229191721,0,0,0,0,0,0,0,0,0,0,0,0,0,0,0,0,0,0,0,0,0,0,0,30.3,0
"11",101.615510394768,0.0222039306668439,0,0,0,0,0,0,0,3.60783212816585,35.2991497172792,8.80047617936867,0,0,0,0,0,0,0,0,0,0,0,0,0,0,0,0,0,0,0,155.1,0,0,0,40.3,0
"12",167.314178930157,13.1585761344766,0,0,0,0,0,0,0,2.50785423150849,5.03839910022772,18.7551273822478,0,0,0,0,0,0,0,0,0,0,0,0,0,0,0,0,0,0,0,146.8,0,0,0,46.5,0
"13",116.442887175893,0.809833694508575,0,0,0,1,0,0,0,4.70944293326548,11.7785224238117,20.5146246627444,0,0,0,0,0,0,0,0,0,0,0,0,0,0,0,0,0,0,0,0,0,0,0,27.4,0
"14",90.3872926886241,0.463079415392708,0,0,0,3,0,0,0,2.70377038999146,17.1510466493426,14.2037553276613,0,0,0,0,0,0,0,0,0,0,0,0,0,0,0,0,0,0,0,0,0,0,0,36.4,0
"15",93.808923148797,0.0999516090517154,0,0,0,1,0,0,0,6.37870578995111,15.3130392130468,21.7026981403613,0,0,0,0,0,0,0,0,0,0,0,0,0,0,0,0,0,0,0,0,0,0,0,43.3,0
"16",102.129409016585,0.0198183209060001,0,0,0,0,0,0,0,4.58144792458916,22.90177273768,19.7413748871046,0,0,0,0,0,0,0,0,0,0,0,0,0,0,0,0,0,0,0,0,0,0,0,31.1,0
"17",140.774585377248,2.9940070538911,0,0,0,0,0,0,0,9.12943806652825,15.1399393734137,15.8315758051456,0,0,0,0,0,0,0,0,0,0,0,0,0,0,0,0,0,0,0,118.8,0,0,0,35.1,0
"18",98.7087129175426,0.156792482494682,0,0,0,0,0,0,0,9.03292140141747,7.33661589454622,14.4996561876214,0,0,0,0,0,0,0,0,0,0,0,0,0,0,0,0,0,0,0,146.6,0,0,0,21.7,0
"19",111.839289885541,0.156144903158241,0,0,0,0,0,0,0,7.15828088461163,19.6323905694465,22.1530838362263,0,0,0,0,0,0,0,0,0,0,0,0,0,0,0,0,0,0,0,0,0,0,0,17.8,0
"20",109.220275636533,0.132075380785527,0,0,1,0,1,0,0,8.24174689262375,31.0513354097718,16.5778764866027,0,0,0,0,0,0,0,0,0,0,0,0,0,0,0,0,0,0,0,0,0,0,0,34.2,0
"21",112.195281476291,0.112115256056395,0,0,0,0,0,1,0,9.88591780039301,14.2560533074845,19.6434702779435,0,0,0,0,0,0,0,0,0,0,0,0,0,0,0,0,0,0,0,0,0,0,0,39.8,0
"22",99.3693062368605,0.193287493061572,0,0,0,0,0,1,0,12.7689207476319,33.7460822422887,20.9887090298196,0,0,0,0,0,0,0,0,0,0,0,0,0,0,0,0,0,0,0,0,0,0,0,36.9,0
"23",102.439616911936,0.703886332437035,0,0,0,0,0,0,0,18.8996573038927,25.0731980260173,39.8860421711394,0,0,0,0,0,0,0,0,0,0,0,0,0,0,0,0,0,0,0,0,0,0,0,28.9,0
"24",112.581172623219,0.387754568379493,0,0,0,0,0,0,0,12.7653751689662,10.2255939542334,30.4880590765991,0,0,0,0,0,0,0,0,0,0,0,0,0,0,0,0,0,0,0,0,0,0,0,33.4,0
"25",108.611072179397,0.26337483742983,0,0,0,0,0,0,0,14.546340637878,35.0472276886075,27.762725588129,0,0,0,0,0,0,0,0,0,0,0,0,0,0,0,0,0,0,0,0,0,0,0,18.5,0
"26",136.851202989956,5.18390570415151,0,0,0,0,0,0,1,14.2868484168379,22.5201344165503,19.6915244764849,0,0,0,0,0,0,0,0,0,0,0,0,0,0,0,0,0,0,0,0,0,0,0,22.2,0
"27",115.501051156272,0.781518735808588,0,0,0,0,0,0,1,16.6667049522182,56.9952113613509,27.3177839165337,0,0,0,0,0,0,0,0,0,0,0,0,0,0,0,0,0,0,0,0,0,0,0,15.7,0
"28",110.517168885774,0.535218121396524,0,0,0,0,0,0,1,14.1778035061713,46.7630594346157,17.8889509058738,0,0,0,0,0,0,0,0,0,0,0,0,0,0,0,0,0,0,0,0,0,0,0,15,0
"29",105.445456669003,0.619611653871745,0,0,0,0,0,0,1,14.4602664851711,31.7708188347564,15.6778858169192,0,0,0,0,0,0,0,0,0,0,0,0,0,0,0,0,0,0,0,0,0,0,0,16.3,0
"30",155.320719458071,8.32204251971732,0,0,0,0,0,0,1,14.7292574963864,32.2704746511467,20.7173480574614,0,0,0,0,0,0,0,0,0,0,0,0,0,0,0,0,0,0,0,0,0,0,0,13.7,0
"31",112.786732071946,0.581026656372801,0,0,0,0,0,0,1,14.4061846810922,26.9893547923952,13.4803473792532,0,0,0,0,0,0,0,0,0,0,0,0,0,0,0,0,0,0,0,0,0,0,0,21.4,0
"32",104.780191544032,0.00155331487644619,0,0,0,0,0,0,1,17.6648151928954,26.6604633015539,23.0290910096639,0,0,0,0,0,0,0,0,0,0,0,0,0,0,0,0,0,0,0,0,0,0,0,29.5,0
"33",115.106750759168,0.878318510348294,0,0,0,0,0,0,1,14.1984182646885,55.904177929875,13.9168536732609,0,0,0,0,0,0,0,0,0,0,0,0,0,0,0,0,0,0,0,0,0,0,0,24.7,0
"34",117.78182667601,1.34575646870112,0,0,0,0,0,0,0,15.1490900678496,17.6857124123666,21.8906981823245,0,0,0,0,0,0,0,0,0,0,0,0,0,0,0,0,0,0,0,0,0,0,0,15.3,0
"35",128.007474889045,1.26567379033901,0,0,0,0,0,0,0,9.48896842103798,28.395607050432,19.7944249940632,0,0,0,0,0,0,0,0,0,0,0,0,0,0,0,0,0,0,0,150.3,0,0,0,18.8,0
"36",142.697500583976,4.20673707375254,0,0,0,0,0,0,0,10.8797237206942,22.5606923471574,16.2885833580476,0,0,0,0,0,0,0,0,0,0,0,0,0,0,0,0,0,0,0,121.2,0,0,0,38,0
"37",255.681382854473,18.0536495982813,0,0,0,0,0,0,0,9.3902100582847,34.3818629848004,12.3934127965291,0,0,0,0,0,0,0,0,0,0,0,0,0,0,0,0,0,0,0,0,0,0,0,29.6,0
"38",145.025928521374,2.86452618933233,0,0,0,0,0,0,0,7.88133351066836,31.2567693500586,14.1469008353966,0,0,0,0,0,0,0,0,0,0,0,0,0,0,0,0,0,0,0,0,0,0,0,30.8,0
"39",109.243634664798,0.0391942725107697,0,0,0,0,0,0,0,8.98790691723653,35.808514769548,14.5916237083343,0,0,0,0,0,67,25.9,0,0,0,0,0,0,0,0,0,0,0,0,0,0,0,0,37.5,0
"40",111.301097874328,0.0691882470350432,0,0,0,0,0,0,0,8.19864316398615,10.5509453482776,14.5206330344089,0,0,0,0,0,120.4,79.3,0,0,0,0,0,0,0,0,0,0,0,0,0,0,0,0,42.9,0
"41",122.230320018687,0.198205957590375,0,0,0,0,0,0,0,5.2267467516964,21.5149349507669,7.12466798978005,0,0,0,0,0,95.9,85.8,0,0,0,0,0,0,0,0,0,0,0,0,0,14.8,0,0,28.2,0
"42",117.062368605466,0.216871495135975,0,0,0,0,0,0,0,6.2491005255676,17.7662373445208,7.62821149849743,0,0,0,0,0,0,0,0,0,0,0,0,0,0,0,0,0,0,0,0,182.2,0,0,34.2,0
"43",146.57509927587,6.36103802162533,0,0,0,0,0,0,0,6.07119855740529,24.5492146728789,5.86638430498876,0,0,0,0,0,0,0,0,0,0,0,0,0,0,0,0,0,0,0,0,232.4,0,0,41.2,0
"44",111.722494744219,3.36187032986439,0,0,0,0,0,0,0,4.3972698714984,34.2692126087507,8.77142755065836,0,0,0,0,0,0,0,0,0,0,0,0,0,0,0,0,0,0,0,172.8,159.6,0,0,39,0
"45",117.69960289652,0.411246358948084,0,0,0,0,0,0,0,1.57626277146225,35.6645418714609,7.05271984747824,0,0,0,0,0,0,0,0,0,0,0,0,0,0,0,0,0,0,0,149,0,0,0,31.8,0
"46",151.291754263023,3.79292153949444,0,0,0,0,0,0,0,-0.515647840393834,14.2731389409659,6.67042447995497,0,0,0,0,0,0,0,0,0,0,0,0,0,0,0,0,0,0,0,0,0,0,0,40.2,0
"47",120.137351086195,0.479775184521134,0,0,0,0,0,0,0,0.412676595599492,28.4692877314223,7.81230534533708,0,0,0,0,0,0,0,0,0,0,0,0,0,0,0,0,0,0,0,0,70.2,0,0,22.1,0
"48",116.126138752628,0.0167238582653757,0,0,0,0,0,0,0,0.214764509071777,48.5352512396828,5.2360794863863,0,0,0,0,0,0,0,0,0,0,0,0,0,0,0,0,0,0,0,0,45.6,0,0,36.8,0
"49",116.964260686755,0.0584263212979824,0,0,0,0,0,0,0,0.869154990050678,26.8571417696964,4.37538930932585,0,0,0,0,0,0,0,0,0,0,0,0,0,0,0,0,0,0,0,0,1.6,0,0,22.5,0
"50",158.239663629993,2.19620361391821,0,0,0,0,0,0,0,-3.53869515048224,5.02877457978199,8.56308396398877,0,0,0,0,0,0,0,0,0,0,0,0,0,0,0,0,0,0,0,0,138.9,0,0,52.2,0
"51",136.823172156038,0.563152230385285,0,0,0,0,0,0,0,-4.44309065505264,8.58699058182468,6.44003051061802,0,0,0,0,0,0,0,0,0,0,0,0,0,0,0,0,0,0,0,133.5,111.6,0,0,41.1,0
"52",94.9329595888811,11.7470459018057,1,0,0,0,0,0,0,1.73674305136156,39.6308774651796,1.93847327331462,0,0,0,0,0,0,0,0,0,0,0,0,0,0,0,0,0,0,0,114.3,0,0,0,23.9,0
"2018-1",92.770847932726,0.986486833298541,0,1,0,0,0,0,0,-2.16544587585849,23.723603102049,4.43691603601123,0,0,0,0,0,0,0,0,0,0,0,0,0,0,0,0,0,0,0,0,0,0,0,44.2,0
"2018-2",101.850969399673,0.00108038163634072,0,0,0,0,0,0,0,0.301281742606788,35.7364798590792,5.41948402111597,0,0,0,0,0,0,0,0,0,0,0,0,0,0,0,0,0,0,0,0,0,0,0,42.9,0
"2018-3",160.071011445924,9.40818804487283,0,0,0,0,0,0,0,1.79972322235986,53.2110374681145,4.07727053414316,0,0,0,0,0,0,0,0,0,0,0,0,0,0,0,0,0,0,0,177.1,0,0,0,39.4,0
"2018-4",111.451530016351,0.419571124689635,0,0,0,0,0,0,0,-0.482385950213397,19.8193367873401,7.93601096117387,0,0,0,0,0,99.3,60.9,0,0,0,0,0,0,0,0,0,0,0,0,177.2,0,0,0,42.7,0
"2018-5",127.7738846064,0.692195711841706,0,0,0,0,0,0,0,-0.373739422657609,47.2961035456034,7.37639630166595,0,0,0,0,0,196.3,49,0,0,0,0,0,0,0,0,0,0,0,0,0,0,0,0,48.1,0
"6",129.086661994861,0.570724973463534,0,0,0,0,0,0,0,1.6943608316694,20.224902561224,4.47212282462653,0,0,0,0,0,68.8,62.7,0,0,0,0,0,0,0,0,0,0,0,0,0,0,0,0,33.7,0
"7",162.086428404578,6.36964044920591,0,0,0,0,0,0,0,-0.787600539102608,21.2971872091019,9.79786502526854,0,0,0,0,0,0,0,0,0,0,0,0,0,0,0,0,0,0,0,0,0,0,0,40.5,0
"8",100.294323756132,0.000109315527762527,0,0,0,0,0,0,0,3.0369826183734,28.7346306129893,5.12970071633142,0,0,0,0,0,0,0,0,0,0,0,0,0,0,0,0,0,0,0,0,111.8,0,0,44.1,0
"9",157.395001167951,7.19759693612855,0,0,0,0,0,0,0,1.32207780091417,30.3796971398661,7.09596418629004,0,0,0,0,0,0,0,0,0,0,0,0,0,0,0,0,0,0,0,0,183.5,0,0,40.5,0
"10",111.623452464377,1.71117132436228,0,0,0,0,0,0,0,0.0518835285628522,30.7090324075731,7.9925973046254,0,0,0,0,0,0,0,0,0,0,0,0,0,0,0,0,0,0,0,0,153.8,0,0,38,0
"11",123.638402242467,1.59474398379545,0,0,0,1,0,0,0,2.62761960862606,21.5471172533945,9.90058052314797,0,0,0,0,0,0,0,0,0,0,0,0,0,0,0,0,0,0,0,0,114.7,0,0,32.6,0
"12",93.4006073347349,3.03510642538029,0,0,0,3,0,0,0,-3.52999101233079,11.2279694057114,12.2770536471293,0,0,0,0,0,0,0,0,0,0,0,0,0,0,0,0,0,0,0,0,0,0,0,4.5,0
"13",93.7341742583509,1.01635725630213,0,0,0,1,0,0,0,-1.88413292212675,24.2305982874084,10.517807192307,0,0,0,0,0,0,0,0,0,0,0,0,0,0,0,0,0,0,0,153.2,0,0,0,34.8,0
"14",105.671572062602,0.860689597780913,0,0,0,0,0,0,0,3.75576810650837,21.4380196785292,6.8018725137978,0,0,0,0,0,0,0,0,0,0,0,0,0,0,0,0,0,0,0,177,0,0,0,40.1,0
"15",112.40551273067,0.972667250399635,0,0,0,0,0,0,0,2.27320639872737,21.940884834473,12.2970522864274,0,0,0,0,0,0,0,0,0,0,0,0,0,0,0,0,0,0,0,145.1,0,0,0,35.4,0
"16",138.989021256716,7.20383796339246,0,0,0,0,0,0,0,4.16517929978322,6.00163248287701,14.1300379543947,0,0,0,0,0,0,0,0,0,0,0,0,0,0,0,0,0,0,0,0,0,0,0,123.2,0
"17",115.183368371876,1.68698379473567,0,0,0,0,0,0,0,7.20479446323514,10.8783137444274,19.5275094386148,0,0,0,0,0,0,0,0,0,0,0,0,0,0,0,0,0,0,0,0,0,0,0,124.7,0
"18",108.51857042747,1.07553071805601,0,0,0,0,1,0,0,10.3182984495875,24.2166837472908,15.0298320421692,0,0,0,0,0,0,0,0,0,0,0,0,0,0,0,0,0,0,0,202.7,0,0,0,122.1,0
"19",117.955617846298,1.33803213298171,0,0,0,0,0,1,0,11.9011092828312,15.5019947869092,21.3494259143931,0,0,0,0,0,0,0,0,0,0,0,0,0,0,0,0,0,0,0,148.1,0,0,0,95.6,0
"20",106.834851670171,1.28644667764112,0,0,1,0,0,1,0,7.41496959976793,9.97090307378166,23.6096713802183,0,0,0,0,0,0,0,0,0,0,0,0,0,0,0,0,0,0,0,0,0,0,0,140.3,0
"21",122.276103714086,0.194316988730347,0,0,0,0,0,0,0,8.31598325640459,12.9141421863741,22.6722557239277,0,0,0,0,0,0,0,0,0,0,0,0,0,0,0,0,0,0,0,0,0,0,0,100.6,0
"22",170.41345480028,12.2818814330985,0,0,0,0,0,0,0,14.8066555273686,11.6506818915626,20.0678469143197,0,0,0,0,0,0,0,0,0,0,0,0,0,0,0,0,0,0,0,0,0,0,0,124.8,0
"23",129.49030600327,1.08214256279728,0,0,0,0,0,0,0,18.5464898647647,17.6693260263927,26.3902427859007,0,0,21.9,69.6,22.2,0,0,0,0,0,0,0,0,0,0,0,0,0,0,0,0,0,0,74.4,0
"24",149.053959355291,0.264668760431521,0,0,0,0,0,0,0,11.2882927842045,22.6971489355112,14.0461977021316,0,0,63.1,0,36.7,0,0,0,0,0,0,0,0,0,0,0,0,0,0,0,0,0,0,86.1,0
"25",208.982013548236,2.50517077851079,0,0,0,0,0,0,0,12.0035360728254,30.2981705525831,13.7781432605621,0,0,82.9,0,105.8,0,0,0,0,0,0,0,0,0,0,0,0,0,0,0,0,0,0,48,0
"26",251.669236159776,16.5627106626232,0,0,0,0,0,0,1,12.3240319653594,24.7201200500042,17.420218838248,0,0,37.1,0,96.5,0,0,0,0,0,0,0,0,0,0,0,0,0,0,0,0,0,0,58.5,0
"27",130.57416491474,2.21761221359481,0,0,0,0,0,0,1,17.3281146595058,26.7542515734268,24.4254489827255,0,0,0,0,0,0,0,0,0,0,0,0,0,0,0,0,0,0,0,0,0,0,0,50.4,0
"28",124.813828544733,2.15979951919455,0,0,0,0,0,0,1,14.5692792651488,33.8052003949371,21.2334347762645,0,0,0,0,0,0,0,0,0,0,0,0,0,0,0,0,0,0,0,0,0,0,0,94.4,0
"29",124.424199953282,0.553875022590384,0,0,0,0,0,0,1,13.9648944678373,33.6618472876816,12.9083379985637,0,0,0,0,0,0,0,0,0,0,0,0,0,0,0,0,0,0,0,0,0,0,0,77.9,0
"30",128.737210932025,4.88517183728572,0,0,0,0,0,0,1,18.932966792847,13.7009534124367,24.7166718961753,0,0,0,0,0,0,0,0,0,0,0,0,0,0,0,0,0,0,0,0,0,0,0,79.9,0
"31",131.202055594487,2.96480655063951,0,0,0,0,0,0,1,18.8636119668332,32.2357300433203,27.2434868774302,0,0,0,0,0,0,0,0,0,0,0,0,0,0,0,0,0,0,0,0,0,0,0,120,0
"32",119.029198785331,0.0225261846087837,0,0,0,0,0,0,1,13.7876519442374,28.583022334142,16.9276019825719,0,0,0,0,0,0,0,0,0,0,0,0,0,0,0,0,0,0,0,0,6.4,0,0,121.3,0
"33",120.674608736277,0.152936243807913,0,0,0,0,0,0,1,13.8606057768278,41.378506836975,20.0575153761861,0,0,0,0,0,0,0,0,0,0,0,0,0,0,0,0,0,0,0,0,137.5,0,0,108.7,0
"34",118.18547068442,0.318355016832634,0,0,0,0,0,0,0,13.9439265715941,25.8018959790587,18.5707714653846,0,0,0,0,0,0,0,0,0,0,0,0,0,0,0,0,0,0,0,0,126.8,0,0,84.1,0
"35",116.164447558982,0.308870557266032,0,0,0,0,0,0,0,13.2083199435099,22.7448173340122,14.9914499917504,0,0,0,0,0,0,0,0,0,0,0,0,0,0,0,0,0,0,0,158.2,0,0,0,106,0
"36",111.994393833217,0.190089673408989,0,0,0,0,0,0,0,11.6038409827504,34.9820055674536,17.2829258044979,0,0,0,0,0,0,0,0,0,0,0,0,0,0,0,0,0,0,0,150.2,142.1,0,0,92.7,0
"37",115.029198785331,0.591856357169997,0,0,0,0,0,0,0,10.7456249825063,21.3009440871591,18.341472735684,0,0,0,0,0,0,0,0,0,0,0,0,0,0,0,0,0,0,0,0.1,0.1,0,0,97.2,0
"38",131.086194814296,1.15135679260552,0,0,0,0,0,0,0,8.829242738113,15.0118162260504,8.89058515642984,0,0,0,0,0,0,0,0,0,0,0,0,0,0,0,0,0,0,0,0,0,0,0,85.4,0
"39",189.256715720626,15.366296293894,0,0,0,0,0,0,0,9.88538021084204,19.8290769814819,7.65351221245583,0,0,0,0,0,0,0,0,0,0,0,0,0,0,0,0,0,0,0,0,0,0,0,119.8,0
"40",110.715253445457,0.513401420767722,0,0,0,0,0,0,0,6.26530341993669,46.0788612715486,5.59028892227045,0,0,0,0,0,0,0,0,0,0,0,0,0,0,0,0,0,0,0,0,0,0,0,88.9,0
"41",111.790703106751,0.380164791341113,0,0,0,0,0,0,0,8.51062146541318,35.8784905608828,7.68223350500516,0,0,0,0,0,0,0,0,0,0,0,0,0,0,0,0,0,0,0,152.4,10.3,0,0,97.8,0
"42",116.484933426769,0.199503728663552,0,0,0,0,0,0,0,6.0318814211875,25.3715945523096,6.72874852372489,0,0,1.6,0.2,0,0,0,0,0,0,0,0,0,0,0,0,0,0,0,154.5,158.4,0,117.4,79,0
"43",172.724129876197,9.57717802193301,0,0,0,0,0,0,0,7.6096346544891,54.487025744162,5.13512479347212,0,0,64.6,86.3,0,0,0,0,0,0,0,0,0,0,0,0,0,0,0,0,191.6,0,149.8,94.1,0
"44",124.380284980145,1.56948180755286,0,0,0,0,0,0,0,0.730895451104638,19.3710753423206,10.9640099473205,0,0,124.2,63.4,0,0,0,0,0,0,0,0,0,0,0,0,0,0,0,20.6,248.2,0,137.2,81.9,0
"45",120.996028965195,1.61494353200588,0,0,0,0,0,0,0,3.15812299475924,18.9063296127487,6.10364148323548,0,0,102,39.6,0,0,0,0,0,0,0,0,0,0,0,0,0,0,0,0,209.7,0,0,100.1,0
"46",118.241532352254,0.704480424883898,0,0,0,0,0,0,0,2.71807594521321,39.4620890934865,7.41708742509435,0,0,38.8,0,0,0,0,0,0,0,0,0,0,0,0,0,0,0,0,0,159.6,0,114.7,118.1,0
"47",175.374912403644,15.6674138615816,0,0,0,0,0,0,0,-0.0475496631932855,27.416571058615,8.10198997429111,0,0,0,0,0,0,0,0,0,0,0,0,0,0,0,0,0,0,0,0,163.1,0,0.3,99.7,0
"48",118.766643307638,0.695558836479439,0,0,0,0,0,0,0,0.655241219316599,26.6279114005646,4.55651329809421,0,0,0,0,0,0,0,0,0,0,0,0,0,0,0,0,0,0,0,0,0,0,0,111.4,0
"49",115.394533987386,0.133403827233946,0,0,0,0,0,0,0,-2.71725271825158,10.0263661316006,6,0,0,0,0,0,0,0,0,0,0,0,0,0,0,0,0,0,0,0,0,0,0,0,107.5,0
"50",129.653819201121,0.673166645252902,0,0,0,0,0,0,0,-3.22914745962168,15.5885275147355,10.4984427626966,0,0,0,0,0,0,0,0,0,0,0,0,0,0,0,0,0,0,0,0,0,0,0,106.7,0
"51",128.309273534221,0.662442881290076,0,0,0,0,0,0,0,2.16813296882783,27.174440282527,2.18769465466292,0,0,0,0,0,0,0,0,0,0,0,0,0,0,0,0,0,0,0,0,0,0,0,113,0
"52",66.8740948376547,0.459950468179556,1,0,0,0,0,0,0,-0.933006832627912,8.0910200899181,4.5015572373034,0,0,0,0,0,0,0,0,0,0,0,0,0,0,0,0,0,0,0,0,0,0,0,101.1,0
"2019-1",222.388227049755,20.1518461280197,0,1,0,0,0,0,0,-5.08828144602876,12.5545554201476,6.60597530932671,0,0,2.5,2.3,0,0,0,0,0,0,0,0,0,0,0,0,0,0,0,0,0,0,0,98.2,0
"2019-2",110.213501518337,0.00817319174454818,0,0,0,0,0,0,0,-1.45809573697952,31.8709449313051,5.06437231057927,0,0,58.6,78.1,0,0,0,0,0,0,0,0,0,0,0,0,0,0,0,0,0,0,0,56.5,0
"2019-3",112.61480962392,0.0502164611876575,0,0,0,0,0,0,0,-0.974882495082526,23.3883963839281,5.2256095433828,0,0,123.6,0,0,0,0,0,0,0,0,0,0,0,0,0,0,0,0,187.8,0,0,0,51.1,0
"2019-4",166.463910301332,6.86602327002206,0,0,0,0,0,0,0,0.47813381217321,39.3864172927109,2.46054816287888,0,0,0,0,0,0,0,0,0,0,0,0,0,0,0,0,0,0,0,157.3,0,0,0,48.8,0
"2019-5",107.312310207895,1.3192594408862,0,0,0,0,0,0,0,-3.70493087461566,1.33023389407674,4.05585795701716,0,0,104.1,0,0,0,0,0,0,0,0,0,0,0,0,0,0,0,0,95.5,0,0,0,50.5,0
"6",94.4293389395001,0.589141039916766,0,0,0,0,0,0,0,-6.28222247968695,20.9472208772263,3.39136539755185,0,0,0.2,0,0,0,0,0,0,0,0,0,0,0,0,0,0,0,0,0,110.3,0,0,116.7,0
"7",98.1331464611072,0.929929958127198,0,0,0,0,0,0,0,-7.80611819445179,9.81877325102131,6.52158650612036,0,0,0,0,0,0,0,0,0,0,0,0,0,0,0,0,0,0,0,0,148.9,0,0,139.1,0
"8",131.994393833217,5.36422563482322,0,0,0,0,0,0,0,-3.03490149942969,35.5605544099253,5.69568269877593,0,0,0,0,0,0,0,0,0,0,0,0,0,0,0,0,0,0,0,0,132.8,0,0,212.9,0
"9",101.217472553142,0.373210902444071,0,0,0,0,0,0,0,-1.36793461822331,11.4011739344122,6.13022110856851,0,0,0,0,0,0,0,0,0,0,0,0,0,0,0,0,0,0,0,0,149.2,0,0,66.6,0
"10",92.5708946507825,0.0210989011482097,0,0,0,0,0,0,0,1.39457815730453,30.7978065882791,7.00548453022704,0,0,0,0,0,0,0,0,0,0,0,0,0,0,0,0,0,0,0,0,3.8,0,0,57.1,0
"11",99.8925484699836,0.409146351456821,0,0,0,0,0,0,0,0.88749739469994,19.2062993137487,10.9007447094441,0,0,0,0,0,0,0,0,0,0,0,0,0,0,0,0,0,0,0,0,91.4,0,0,78.3,0
"12",98.0434477925718,0.421621255659018,0,0,0,0,0,0,0,2.08898369702916,18.0021702987399,9.67533127779665,0,0,0,0,0,0,0,0,0,0,0,0,0,0,0,0,0,0,0,132.4,0.6,0,0,74.6,0
"13",137.215603830881,7.53207551793744,0,0,0,0,0,0,0,-1.45698682544821,9.60204170194017,17.1604218752377,0,0,0,0,0,0,0,0,0,0,0,0,0,0,0,0,0,0,0,117.9,72.3,0,0,75.8,0
"14",109.944405512731,1.46972728808097,0,0,0,1,0,0,0,3.44144012172665,18.1673541871537,9.54990573602902,0,0,0,0,0,0,0,0,0,0,0,0,0,0,0,0,0,0,0,49,0,0,0,77.6,0
"15",81.4650782527447,0.74607525583095,0,0,0,3,0,0,0,6.01560100809684,22.8245487618092,10.1458452159043,0,0,0,0,0,0,0,0,0,0,0,0,0,0,0,0,0,0,0,0,5.4,0,8.9,60.9,0
"16",116.972669936931,3.25216604920987,0,0,0,1,0,0,0,5.70953980915742,6.28164134032068,22.9694712189526,0,0,0,0,0,0,0,0,0,0,0,0,0,0,0,0,0,0,0,0,113.1,0,118.8,67.1,0
"17",103.179630927353,0.217330193679419,0,0,0,0,0,0,0,7.70176002897925,2.4961487690656,16.1128034370503,0,0,0,0,0,0,0,0,0,0,0,0,0,0,0,0,0,0,0,0,0,0,106.6,76.3,0
"18",95.4711516000934,0.38290270181224,0,0,0,0,0,0,0,9.97724208030239,9.31818966436356,20.6834334390152,0,0,0,0,0,0,0,0,0,0,0,0,0,0,0,0,0,0,0,193.5,109.5,0,0,72.3,0
"19",114.958187339407,0.333483099761656,0,0,0,0,0,0,0,7.89744867432283,23.5268069680902,23.3014089144508,0,0,0,0,0,0,0,0,0,0,0,0,0,0,0,0,0,0,0,162.3,0,169.4,143.1,78.1,0
"20",104.876430740481,0.412708273559056,0,0,1,0,0,0,0,9.90889712043323,2.67426609132791,31.2281294310705,0,0,0,0,0,0,0,0,0,0,0,0,0,0,0,0,0,0,0,122.7,127.7,160.6,0,51.9,0
"21",111.395468348517,1.38622841571317,0,0,0,0,1,0,0,10.6550314533604,23.3491748702097,13.4052862172798,0,0,0,0,0,0,0,0,0,0,0,0,0,0,0,0,0,0,0,0,4.7,189.5,0,52.4,0
"22",118.371408549404,1.88580318467751,0,0,0,0,0,1,0,12.478451763677,21.6066264728139,19.027580310248,0,0,0,0,0,0,0,0,0,0,0,0,0,0,0,0,0,0,0,0,166.9,0,0,63.4,0
"23",131.577668768979,5.12651866366567,0,0,0,0,0,1,0,10.1747052918295,7.85980796422162,32.7251305091317,0,0,0,0,0,0,0,0,0,0,2.8,0,0,0,0,0,0,0,0,0,183.5,0,0,55.2,0
"24",122.953515533754,0.444768732659385,0,0,0,0,0,0,0,11.3976365669994,12.7384114543379,30.1294597479567,0,0,0,0,0,0,0,0,0,0,154.5,0,0,0,0,0,0,0,0,0,0,0,0,74.4,0
"25",128.498948843728,0.793448678272036,0,0,0,0,0,0,0,11.3777634505519,20.5439725863535,29.8244183514692,0,0,0,0,0,0,0,0,0,0,164,0,0,0,0,0,0,0,0,0,0,0,0,75.8,0
"26",145.429572529783,8.22180921986756,0,0,0,0,0,0,1,17.7544421252215,0.628755739329946,37.318042920643,0,0,0,0,0,0,0,0,0,0,0.2,0,0,0,0,0,0,0,0,0,106.8,0,0,38.3,0
"27",142.370474188274,7.45218451818505,0,0,0,0,0,0,1,20.0514440195905,11.8956782774775,30.5619524059883,0,0,0,0,0,0,0,0,0,0,0,0,0,0,0,0,0,0,0,0,0,0,0,47.2,0
"28",109.091333800514,0.0214302945643045,0,0,0,0,0,0,1,14.34066178656,29.8654396663139,24.5032602057344,0,0,0,0,0,0,0,0,0,0,0,0,0,0,0,0,0,0,0,0,0,0,0,35.3,0
"29",104.320485867788,0.0677450960423668,0,0,0,0,0,0,1,15.8304916236132,36.1322172496379,20.7534054519094,0,0,0,0,0,0,0,0,0,0,0,0,0,0,0,0,0,0,0,0,0,0,0,32.6,0
"30",104.933426769446,0.154409621560217,0,0,0,0,0,0,1,14.8414551177487,34.0743987694804,20.2628249451676,0,0,0,0,0,0,0,0,0,0,0,0,0,0,0,0,0,0,0,0,0,0,0,40.3,0
"31",108.717589348283,0.109024280855479,0,0,0,0,0,0,1,15.0798074651676,43.5343563631716,18.2743575445696,0,0,0,0,0,0,0,0,0,0,0,0,0,0,0,0,0,0,0,49.7,0,0,0,37.9,0
"32",109.697734174258,0.284248468435134,0,0,0,0,0,0,1,17.3339355417574,27.2453111794733,24.9918566550364,0,0,0,0,0,0,0,0,0,0,2,0,0,0,0,0,0,0,0,99.8,0,0,0,53.2,0
"33",116.640037374445,0.0439820607982316,0,0,0,0,0,0,1,13.6684843500306,41.9224873554491,15.8533868646476,0,0,0,0,0,0,0,0,0,0,164.2,0,0,0,0,0,0,0,0,62.9,0,0,0,60.2,0
"34",117.965895818734,1.03055831668308,0,0,0,0,0,0,0,14.3537890228095,19.8392988281374,20.7313004179479,0,0,0,0,0,0,0,0,0,0,173.4,0,0,0,0,0,0,0,0,0,0,0,0,65.8,0
"35",274.779724363466,33.9935400639414,0,0,0,0,0,0,0,14.2598529031476,30.3021079539101,17.9348001338283,0,0,0,0,0,0,0,0,0,0,139,0,0,0,0,0,0,0,0,119.4,3,0,8.4,83.3,0
"36",123.787900023359,0.571830025117302,0,0,0,0,0,0,0,12.973087599573,42.7568351826666,10.6857764961418,0,0,0,0,0,0,0,0,0,0,0,0,0,0,0,0,0,0,0,174.8,128.9,0,88.1,75.5,0
"37",125.426769446391,0.732911631364131,0,0,0,0,0,0,0,12.3484259460674,30.8122115021345,11.6077397358485,0,0,0,0,0,0,0,0,0,0,0,0,0,0,0,0,0,0,0,61.1,131.9,176.9,39.5,66.8,0
"38",127.957953749124,0.852145130376756,0,0,0,0,0,0,0,10.8278379971641,9.76166934076707,12.5616964328389,0,0,0,0,0,0,0,0,0,0,0,0,0,0,0,0,0,0,0,0,138.3,161.1,0,62,0
"39",132.181266059332,0.749648671968888,0,0,0,0,0,0,0,11.2670047282433,36.4684178513755,7.71473757441543,142.5,0,0,0,0,0,0,0,0,0,0,0,0,0,0,0,0,0,0,0,0,121.6,0,61,0
"40",135.293622985284,0.632846393462754,0,0,0,0,0,0,0,4.98780687991758,32.3773327993801,14.5829400799783,164.8,0,0,0,0,0,0,0,0,0,0,0,0,0,0,0,0,0,0,0,0,0,0,57.5,0
"41",141.073580939033,1.30754572289863,0,0,0,0,0,0,0,3.83716585812911,33.5531012890291,12.0519423688669,228,0,0,0,0,0,0,0,0,0,0,0,0,0,0,0,0,0,0,111.4,0,0,0,49.9,0
"42",193.165148329829,15.9447058866939,0,0,0,0,0,0,0,3.56549789653357,9.08169752933926,10.9406078565701,0,0,0,0,0,0,0,0,0,0,0,0,0,0,0,0,0,0,0,133.2,0,0,0,67.2,0
"43",183.879467414156,11.4796621876803,0,0,0,0,0,0,0,4.41310747425487,10.0504970446206,9.62281878481792,180,0,0,0,0,0,0,0,0,0,0,0,0,0,0,0,0,0,0,124.8,0,0,4.3,71.3,0
"44",142.580705442654,0.953931978388498,0,0,0,0,0,0,0,2.84306445334553,6.81600528405708,8.96445053398548,4.4,0,0,0,0,0,0,0,0,0,0,0,0,0,0,0,0,0,0,0.1,0,0,133.7,71.3,0
"45",145.24643774819,1.60076972442086,0,0,0,0,0,0,0,3.51486073755075,32.1710337904494,6.52871913873387,152.4,0,0,0,0,0,0,0,0,0,0,0,0,0,0,0,0,0,0,102.3,0,0,172.8,59.4,0
"46",236.602662929222,20.5241666784783,0,0,0,0,0,0,0,1.28536259149157,20.8279625491581,6.3014344170881,186.5,0,0,0,0,0,0,0,0,0,0,0,0,0,0,0,0,0,0,105.7,0,0,0,56.1,0
"47",133.81359495445,0.144000698978936,0,0,0,0,0,0,0,5.06129002878615,52.9604716384998,1.40413986275879,0,0,0,0,0,0,0,0,0,0,0,0,0,0,0,0,0,0,0,69.7,0,221,104.8,76.8,0
"48",201.320252277505,12.3947900036526,0,0,0,0,0,0,0,3.441011632991,36.5285482625282,15,52,0,0,0,0,0,0,0,0,0,0,0,0,0,0,0,0,0,0,0,65.2,206.3,0.2,62.9,0
"49",156.729736042981,7.68580023950876,0,0,0,0,0,0,0,-1.18168114377111,19.4450789386941,3,0,0,0,0,0,0,0,0,0,0,0,0,0,0,0,0,0,0,0,0,89.9999999999999,0,0,57,0
"50",144.798878766643,0.218000336574502,0,0,0,0,0,0,0,2.16760356245554,12.7313965305172,0,0,0,0,0,0,0,0,0,0,0,0,0,0,0,0,0,0,0,0,0,98.1,0,0,52.7,0
"51",153.903293622985,0.61972063588064,0,0,0,0,0,0,0,-6.20283629274373,13.387970708849,9,0,0,0,0,0,0,0,0,0,0,0,0,0,0,0,0,0,0,0,0,149.9,0,0,52.8,0
"52",83.5701938799346,0.331726286549023,1,0,0,0,0,0,0,-5.88965631634774,23.8958023326001,3,0,0,0,0,0,0,0,0,0,0,0,0,0,0,0,0,0,0,0,0,141.4,0,0,64.3,0
"53",135.841158607802,8.67962224057705,0,1,0,0,0,0,0,-10.5198917649257,3.59301282267984,17,0,0,0,0,0,0,0,0,0,0,0,0,0,0,0,0,0,0,0,0,0,0,0,0,0
"2020-1",128.629759402009,0.497705850665179,0,0,0,0,0,0,0,-14.3404768960928,2.6623213068144,21,0,0,0,0,0,0,0,0,0,0,0,0,0,0,0,0,0,0,0,0,0,0,0,85,0
"2020-2",214.742349918243,15.6480721077087,0,0,0,0,0,0,0,-6.36344652052279,3.63628181500381,4,0,0,0,0,0,0,0,0,0,0,0,0,0,0,0,0,0,0,0,0,0,0,0,91.8,0
"2020-3",128.01681850035,0.641741774586161,0,0,0,0,0,0,0,-3.93234121609458,5.33766180650939,4.08704809632778,0,0,0,0,0,0,0,0,0,0,0,0,0,0,0,0,0,0,0,138.5,0,0,0,65.5,0
"2020-4",123.554309740715,1.24841187696979,0,0,0,0,0,0,0,-6.39279283964991,15.3692426791626,6.43453840979258,0,0,0,0,0,0,0,0,0,0,0,0,0,0,0,0,0,0,0,146.5,0,0,0,69.4,0
"2020-5",131.751459939266,0.612571100495333,0,0,0,0,0,0,0,-6.33850977921713,7.27500992060912,9.39136539755185,0,0,0,0,0,0,0,0,0,0,0,0,0,0,0,0,0,0,0,70.1,144.4,0,0,68.4,0
"6",135.069376313945,0.123187726124272,0,0,0,0,0,0,0,-6.25316127112043,5.85338451859649,11.3474903134648,0,0,0,0,0,0,0,0,6.2,0,0,0,0,0,0,0,0,0,0,0,176.3,0,0,46.8,0
"7",138.295725297828,2.12965867494076,0,0,0,0,0,0,0,-7.44170078361839,9.81906681263701,8.56546159020742,0,0,0,0,0,0,0,0,136.6,0,0,0,0,0,0,0,0,0,0,0,0,0,0,33.8,0
"8",215.861714552675,21.4066948680467,0,0,0,0,0,0,0,-8.0056217995794,14.2533604990729,5.39136539755185,0,0,0,0,0,0,0,0,165.6,0,0,0,0,0,0,0,0,0,0,98.6000000000001,205.3,0,0,42.2,0
"9",132.808222377949,4.07261215347169,0,0,0,0,0,0,0,-5.40855070108406,5.83086063559509,16.9129519036722,0,0,0,0,0,0,0,0,12.2,0,0,0,0,0,0,0,0,0,0,170.5,214.9,219.9,152.1,77.5,0
"10",134.944171922448,0.756088446611136,0,0,0,0,0,0,0,-0.440386852904928,23.7517731289446,10.1733941208092,0,0,0,0,0,0,0,0,199.7,0,0,0,0,0,0,0,0,0,0,41.9,219.3,198.4,139.6,74.4,0
"11",155.650548937164,7.47444026905844,0,0,0,0,0,0,0,0.461198685382869,20.0746450814322,10.4345384097926,0,0,0,0,0,0,0,0,0,0,0,0,0,0,0,0,0,0,0,0,0,0,0,109.1,0
"12",141.854706844195,2.59994518830313,0,0,0,0,0,0,0,1.62221348391013,16.4315864913289,17.4352404816389,0,0,0,0,0,0,0,135,0,0,0,0,0,0,0,0,0,0,0,0,181.2,0,161.4,86.6,0
"13",113.083858911469,2.83543356617764,0,0,0,3,0,0,0,2.47472129201959,27.7097339165601,18.8697788914315,0,0,0,0,0,0,0,161.5,0,0,0,0,0,0,0,0,0,0,0,0,0.4,0,0,75.7,0
"14",190.508759635599,14.1109946216825,0,0,0,1,0,0,0,4.76418232623683,4.67866382527246,21.1740961926556,0,0,0,0,0,0,0,152.7,0,0,0,0,0,0,0,0,0,0,0,0,0,0,180.2,91.8,0
"15",137.314646110722,0.863451479029523,0,0,0,0,0,0,0,5.15316161293215,13.2404266199118,22.3036152293777,0,0,0,0,0,0,0,0,0,0,0,0,0,0,0,0,0,0,0,0,0,0,0,86.8,0
"16",149.897687456202,3.63071345098087,0,0,0,0,0,0,0,3.2790732488314,5.28376619464698,29.5215865061204,0,0,0,0,0,0,0,4.9,0,0,0,0,0,0,0,0,0,0,0,0,0,0,0,79.8,0
"17",122.989021256716,4.9055589736966,0,0,0,0,0,0,0,6.07554678670774,22.5240672157024,12.9561249159129,0,0,0,0,0,0,0,120.1,0,0,0,0,0,0,0,0,0,0,0,175.3,59.2,0,0,101.6,0
"18",128.290586311609,0.196869605649931,0,0,0,0,0,0,0,5.71293810510717,3.54744895065085,31.7388557110167,0,0,0,0,0,0,0,106.7,0,0,0,0,0,0,0,0,0,0,0,182.8,170.1,0,0,83.7,0
"19",134.253679046952,5.33034330116263,0,0,0,0,1,0,0,7.65766444057792,18.5836672188229,20.6086346024481,0,0,0,0,0,0,0,0,0,0,0,0,0,0,0,0,0,0,0,0,159.2,0,0,102.9,0
"20",116.618547068442,3.408843207294,0,0,1,0,0,1,0,12.5564308045143,11.0168008831032,16.5647595183611,7.9,0,0,0,0,0,0,0,0,0,0,0,0,0,0,0,0,0,0,0,121.5,0,0,88.5,0
"21",138.074281709881,2.27852247942382,0,0,0,0,0,1,0,9.13162307358813,8.17809903966423,16.3036152293777,0,0,0,0,0,0,0,0,0,0,0,0,0,0,0,0,0,0,0,0,138.4,0,0,77,0
"22",136.107451530016,2.8161764575715,0,0,0,0,0,0,0,12.6276955361885,6.93980409442128,23.21656713305,0,0,0,0,0,0,0,0,0,0,0,0,0,0,0,0,0,0,0,0,144.3,0,0,77.6,0
"23",161.847231955151,3.95346859191715,0,0,0,0,0,0,0,12.4246293492214,27.7954750840586,26.9568269877593,0,0,0,0,0,0,0,0,0,28.4,0,0,0,0,0,0,0,0,0,0,122.5,0,0,81.8,0
"24",226.147161878066,22.2750013496576,0,0,0,0,0,0,0,11.2558185526892,13.9381345354216,18.8252017354981,0,0,0,0,0,0,0,0,0,57.9,0,0,0,0,0,0,0,0,0,0,0,0,0,46.6,0
"25",126.415323522541,0.435995098739175,0,0,0,0,0,0,0,13.2295894742462,-13.3268206456415,20.9122498318259,0,0,0,0,0,0,0,0,0,42,0,0,0,0,0,0,0,0,0,0,0,0,0,62.9,0
"26",194.851670170521,16.5532470119553,0,0,0,0,0,0,1,16.0406972151415,-29.0129616983875,27.6518076146889,0,0,0,0,0,0,0,0,0,115.4,0,0,0,0,0,0,0,0,0,0,0,0,0,59.3,0
"27",124.586778790002,0.188771757057864,0,0,0,0,0,0,1,16.1777845292694,16.6298846452895,16.3474903134648,0,0,0,0,0,0,0,0,0,177,0,0,0,0,0,0,0,0,0,0,0,0,0,49.3,0
"28",118.502219107685,0,0,0,0,0,0,0,1,16.2678096657742,32.764272206952,17.5215865061204,0,0,0,0,0,0,0,0,0,0,0,0,0,0,0,0,0,0,0,0,0,0,0,53.9,0
"29",146.372342910535,7.09697161323945,0,0,0,0,0,0,1,14.9211911187804,23.1423652656461,19.0431730122407,0,0,0,0,0,0,0,0,0,0,0,0,0,0,0,0,0,0,0,0,0,0,0,45.7,0
"30",118.982480728802,0.154729630036296,0,0,0,0,0,0,1,15.796278071279,26.5533702766589,16.3474903134648,0,0,0,0,0,0,0,0,0,0,0,0,0,0,0,0,0,0,0,0,7.4,0,0,48.1,0
"31",117.722961924784,0.855168154826068,0,0,0,0,0,0,1,15.5927389413041,17.3083734621756,25.4345384097926,0,0,0,0,0,0,0,0,0,0,0,0,0,0,0,0,0,0,0,0,46.7,0,0,42.5,0
"32",200.377481896753,20.8924217812153,0,0,0,0,0,0,1,16.5101947428615,23.2318313470445,27,0,0,0,0,0,0,0,0,0,0,0,0,0,0,0,0,0,0,0,0,184.1,0,0,64.6,0
"33",145.010044382154,5.87161121127505,0,0,0,0,0,0,1,15.7257357750165,27.337121307076,24.3481923853111,0,0,0,0,0,0,0,0,0,0,0,0,0,0,0,0,0,0,0,0,145.1,0,0,67.2,0
"34",189.205325858444,17.1313552079788,0,0,0,0,0,0,0,11.7818110004216,43.0407603575509,14.7388557110167,0,0,0,0,0,0,0,0,0,0,0,0,0,0,0,0,0,0,0,102.4,166.9,0,0,46.6,0
"35",153.173557580005,5.6948416270278,0,0,0,0,0,0,0,9.82247660472808,6.55132754834976,22.6518076146889,0,0,0,0,0,0,0,0,0,0,0,0,0,0,0,0,0,0,0,147.3,112.1,0,0,63,0
"36",167.490773183836,5.85408311294912,0,0,0,0,0,0,0,13.3569628117712,17.4085692219278,20.2179712767426,0,0,0,0,0,0,0,0,0,0,0,0,0,0,0,0,0,0,0,59.7,164,0,0,66.6,0
"37",149.407147862649,0.134474252270867,0,0,0,0,0,0,0,10.4816563015214,41.5536599896503,19.2172692048963,0,0,0,0,0,0,0,0,0,0,0,0,0,0,0,0,0,0,0,0,126,0,0,60.8,0
"38",150.57416491474,0.323756538836577,0,0,0,0,0,0,0,8.89903713678202,36.250372016341,12.6525096865352,0,0,0,0,0,0,0,0,0,0,0,0,0,0,0,0,0,0,0,0,2.5,0,0,49.7,0
"39",245.915440317683,25.8069787587017,0,0,0,0,0,0,0,7.34018695255798,12.3888120683559,17.7827307951037,0,0,0,0,0,0,0,0,0,0,0,0,0,0,0,0,0,0,0,0,110.5,212,0,49.7,212
"40",156.581172623219,2.42007883471595,0,0,0,0,0,0,0,9.77901665359658,52.7266826337164,4.91295190367222,0,52.9,0,0,0,0,0,0,0,0,0,0,0,0,0,0,0,0,0,0,58.4,224.9,0,73.6,224.9
"41",167.407615043214,2.89282503829126,0,0,0,0,0,0,0,4.09612884449231,10.4061317133091,13.8259038073444,0,83.2,0,0,0,0,0,0,0,0,0,0,0,0,0,0,0,0,0,0,0,231.6,0,62.9,231.599999999999
"42",148.589581873394,0.546657155349347,0,0,0,0,0,0,0,2.32566593826231,20.3197734195308,8.04317301224073,0,0.2,0,0,0,0,0,0,0,0,0,0,0,0,0,0,0,0,0,112,90.0999999999999,0,0,67.6,0
"43",152.181266059332,0.2615035622942,0,0,0,0,0,0,0,4.92712639068261,34.0618023893032,7.52158650612036,0,101,0,0,0,0,0,0,0,0,0,0,0,0,0,0,0,0,0,157,0,234.7,0,63.5,234.7
"44",147.057229619248,0.487866630186029,0,0,0,0,0,0,0,2.65174129565489,43.1235986570856,16.4857983488703,0,70.3,0,0,0,0,0,0,0,0,0,0,0,0,0,0,0,0,0,47,258.1,221.7,0,58.3,221.699999999999
"45",151.35155337538,0.360970525576312,0,0,0,0,0,0,0,-2.03800674164523,21.1076013700592,14.4534741026687,0,75,0,0,0,0,0,0,0,0,0,0,0,0,0,0,0,0,0,0,56.2,225,0,49.3,225
"46",176.243868255081,3.88372349707462,0,0,0,0,0,0,0,-3.52219977403536,7.09765297700061,14.025023850398,0,37.8,0,0,0,0,0,0,0,0,0,0,0,0,0,0,0,0,0,0,116.8,2.8,0,51.6,2.8
"47",224.562485400607,14.389030525611,0,0,0,0,0,0,0,-7.89889997723055,3.89718892240802,15.6485563528199,0,134.5,0,0,0,0,0,0,0,0,0,0,0,0,0,0,0,0,0,0,80.6,189.1,0,63.2,189.1
"48",168.475589815464,1.45014782289273,0,0,0,0,0,0,0,-10.6995087585447,8.91085104749884,17.4517545172296,0,0.1,0,0,0,0,0,0,0,0,0,0,0,0,0,0,0,0,0,0,78.2,1.6,0,88.6,1.6
"49",177.491240364401,2.62943058618141,0,0,0,0,0,0,0,-7.56296988134198,20.2450620969179,16.7388046235296,0,0,0,0,0,0,0,0,0,0,0,0,0,0,0,0,0,0,0,89.6,79.9,162.4,0,62.6,162.399999999999
"50",164.353188507358,0.0151725144228486,0,0,0,0,0,0,0,-6.39756904036515,12.7934905376982,10.2733572552359,0,0,0,0,0,0,0,0,0,0,0,0,0,0,0,0,0,0,0,156.3,91.4,NA,0,74.2,0.6
"51",106.063069376314,0.0187174827066404,1,0,0,0,0,0,0,-12.5417503238524,9.08227051123958,16.7714547411093,0,0,0,0,0,0,0,0,0,0,0,0,0,0,0,0,0,0,0,104.7,139.3,0,0,136,0
"52",132.590516234525,5.15266905284399,0,1,0,0,0,0,0,-6.15271036571221,15.1128340490589,13.8306000233607,0,12,0,0,0,0,0,0,0,0,0,0,0,0,0,0,0,0,0,0,59.6,0,0,67,0
"2021-1",139.75706610605,0.141281419222453,0,0,0,0,0,0,0,-4.4296944792015,32.8052686565699,10,0,152.9,0,0,0,0,0,0,0,0,0,0,0,0,0,0,0,0,0,0,0,0,0,77.8999999999999,0
"2021-2",142.852604531651,0.0604297294484634,0,0,0,0,0,0,0,-3.48727527432295,29.3863233171053,10,0,165.9,0,0,0,0,0,0,0,0,0,0,0,0,0,0,0,0,0,0,0,0,0,57.3,0
"2021-3",180.301798645176,10.0696617712021,0,0,0,0,0,0,0,-2.40345594834088,25.6805874057232,17.7329476139082,0,190.5,0,0,0,0,0,0,0,0,0,0,0,0,0,0,0,0,0,106.8,0,0,0,58.1,10.5
"2021-4",129.752861480962,0.59729765130947,0,0,0,0,0,0,0,-4.2510347417615,26.8404787004793,19.3928636595682,0,39.9,0,0,0,0,0,0,0,0,0,0,0,0,0,0,0,0,35.5,108.4,84.1,0,0,66.2,7.8
"2021-5",133.40808222378,2.29479669918883,0,0,0,0,0,0,0,-0.24076876454254,41.2340870214441,16.1094754623702,0,0,0,0,0,0,0,0,0,0,0,0,0,0,0,0,0,0,256.5,163.5,182.8,0,0,90.4,6.8
"6",116.820369072647,0.42111743017667,0,0,0,0,0,0,0,-5.14182371508359,28.0811032277432,17.4749894371799,0,0,0,0,0,0,0,0,0,0,0,0,0,0,0,0,0,0,41.8,17.4,164.8,0,0,68.8,5.7
"7",203.457136183135,22.4977933162712,0,0,0,0,0,0,0,-8.26057176507664,11.098838568901,16.6345455718367,0,0,0,0,0,0,0,0,0,0,0,0,0,0,0,0,0,0,51.5,0,128.7,0,0,74.4,6.9
"8",175.188974538659,17.9925262342083,0,0,0,0,0,0,0,-5.29915828020763,20.5699818852839,16.5038309696522,0,0,0,0,0,0,0,0,0,0,0,0,0,0,0,0,0,0,237.6,0,0,0,0,61.5,11.8
"9",108.531651483298,1.01595179554934,0,0,0,0,0,0,0,-1.07037676175519,24.2493067266593,17.8190661011785,0,0,0,0,0,0,0,0,0,0,0,0,59.5,0,0,0,0,0,0,0,88.7,0,0,67.9,152.5
"10",110.969399672974,1.00083105148405,0,0,0,0,0,0,0,-0.514592605271787,34.9635583688758,15.2705794399443,0,0,0,0,0,0,0,0,0,0,0,0,174.7,0,0,0,0,0,0,122.7,0,0,0,73.3999999999999,4.8
"11",114.21910768512,0.418900095392542,0,0,0,0,0,0,0,-0.819399457461827,11.6646681671753,20.5160705933367,0,0,0,0,0,0,0,0,0,0,0,0,157.7,0,0,0,0,0,0,81.1000000000001,0,0,0,47.9,8.6
"12",213.313711749591,20.3409682815757,0,0,0,0,0,0,0,1.76664894710347,57.7937938625497,21.5892309546315,0,0,0,0,0,0,0,0,0,0,0,0,173.4,0,0,0,0,0,0,132.4,0,0,0,75.8000000000001,113.1
"13",128.768044849334,3.92505135545694,0,0,0,0,0,0,0,1.8991058107662,19.3804095938547,18.6811392737961,0,0,0,0,0,0,0,0,0,0,0,0,136.4,0,0,0,0,0,0,0,0,0,0,69.9,95.8
"14",115.864517636066,3.08900595885147,0,0,0,0,0,0,0,6.18144810006853,25.1509325489304,22.2957637534672,0,0,0,0,0,0,0,0,0,0,0,0,0,0,0,0,0,0,0,0,0,0,0,68.0000000000001,154
"15",124.856809156739,1.9743468066434,0,0,0,0,0,0,0,6.72335383147926,40.5339805915791,26.9687734926306,0,0,0,0,0,0,0,0,0,0,0,0,153.7,0,0,0,0,0,0,0,0,0,0,58.6,8.1
"16",89.2754029432376,1.48169569110925,0,0,0,3,0,0,0,10.1418569011017,5.75564146274428,34.9093173089038,0,0,0,0,0,0,0,0,0,0,0,0,0,0,0,0,0,0,0,0,10.8,0,0,71.9,104.8
"17",168.08128941836,20.2432828159621,0,0,0,1,0,0,0,9.38336342830953,9.11446661071436,33.4837425642545,0,0,0,0,0,0,0,0,0,0,0,0,58.9,0,0,0,0,0,0,75.0000000000001,131.9,0,0,41.5,120.9
"18",134.717122167718,7.38232800431363,0,0,0,0,0,0,0,8.31614906545692,7.1763320650783,31.4836745600966,0,0,0,0,0,0,0,0,0,0,0,0,0,0,0,0,0,0,0,95.3,109.7,0,0,56.7,9.9
"19",113.556645643541,0.807737198475613,0,0,0,0,0,0,0,11.8343940084375,32.3180318166801,29.7576772600205,0,0,0,0,0,0,0,0,0,0,0,0,0,0,0,0,0,0,0,130.9,90.3,0,0,67,9.1
"20",108.946507825274,0.289492454287935,0,0,1,0,0,0,0,9.81382115448923,22.7625425589083,26.2662356661733,0,0,0,0,0,0,0,0,0,0,0,0,0,0,0,0,0,0,191.4,0,0,0,0,62.9,177.6
"21",116.326092034571,0.137675625225066,0,0,0,0,0,0,0,9.69847436723108,32.418865137433,22.3305179567526,0,0,0,0,0,0,0,0,0,0,0,0,0,0,0,0,0,0,0,0,147.5,0,125.9,61.4,41.1
"22",114.122868488671,1.3007764637408,0,0,0,0,1,0,0,12.7967366308936,43.0216202486311,31.1964995752765,0,0,0,0,0,0,0,0,0,0,0,0,0,0,0,0,0,0,20.2,0,0,0,144.6,66,5
"23",128.281242700304,1.99316875895406,0,0,0,0,0,1,0,12.7157543251186,60.151427637715,23.7473286882203,0,0,0,0,0,0,0,0,0,0,0,0,0,0,0,0,0,0,52.2,0,0,0,118.8,79.1,14.8
"24",222.7685120299,23.0192124409132,0,0,0,0,0,1,0,13.0410735520488,44.8382310796186,25.5894677267232,0,0,0,0,0,0,0,0,0,0,0,0,0,0,0,0,0,0,250.5,0,0,0,0,65.9,157.3
"25",115.49824807288,1.33210965208278,0,0,0,0,0,0,0,13.0744505002272,26.3883286103185,29.5572610389922,0,0,0,0,0,0,0,0,0,0,0,0,0,0,0,0,0,0,0,0,0,0,115.3,63.6,15.5
"26",128.616678346181,2.30948509780699,0,0,0,0,0,0,1,15.7272876248331,38.2200220200133,24.5955010299063,0,0,0,0,0,0,0,0,0,0,0,0,0,0,0,0,0,0,0,0,0,0,0,83.1,115.6
"27",106.298528381219,0,0,0,0,0,0,0,1,16.5649710775271,34.3175506235766,22.1768962531944,0,0,0,0,0,0,0,0,0,0,0,0,0,0,0,0,0,0,0,0,0,0,0,70.2,202.999999999999
"28",105.898621817332,0.504154490868611,0,0,0,0,0,0,1,14.4351487559544,23.7913752783451,28.1380241264964,0,0,0,0,0,0,0,0,0,0,0,0,0,0,0,0,0,0,0,0,0,0,0,114.9,130.4
"29",110.957252978276,0.151912300123134,0,0,0,0,0,0,1,15.7734476317738,52.7528450986396,21.2256971454268,0,0,0,0,0,0,0,0,0,0,0,0,0,0,0,0,0,0,0,0,0,0,0,15.5,118.6
"30",104.191544031768,0.345206888324189,0,0,0,0,0,0,1,16.9238755639117,23.5796422710913,27.0301813825879,0,0,0,0,0,0,0,0,0,0,0,0,0,0,0,0,0,0,32.8,0,10.1,0,0,48.8,92.5000000000001
"31",106.906797477225,0.136480944932137,0,0,0,0,0,0,1,17.1005753478246,45.8508872420179,26.4265020613841,0,0,0,0,0,0,0,0,0,0,0,0,0,0,0,0,0,0,107.2,0,243.8,0,0,61.5,197.599999999999
"32",132.586778790002,6.41771593683413,0,0,0,0,0,0,1,13.1829149986344,35.3298506433161,30.1991807747812,0,0,0,0,0,0,0,0,0,0,0,0,0,0,0,0,0,0,0,0,141.5,0,0,68.1,8.4
"33",123.09273534221,1.56598672214824,0,0,0,0,0,0,1,13.9777735604467,60.2981664466501,17.8336284583793,0,0,0,0,0,0,0,4.4,0,0,0,0,0,0,0,0,0,0,0,0,65.5,0,0,76.3,9
"34",126.690960056062,1.39058187844648,0,0,0,0,0,0,0,15.1341473790745,47.5238699220672,23.516362977645,0,0,0,0,0,0,0,173.1,0,0,0,0,0,0,0,0,0,0,0,0,0,0,0,93.6,171.7
"35",155.754263022658,6.5124306182855,0,0,0,0,0,0,0,12.92465075307,43.8274895996697,21.8435553734331,0,0,0,0,0,0,0,74.3,0,0,0,0,0,0,0,0,0,0,0,0,0,0,0,57.3,157.5
"36",220.640037374445,24.2912258999261,0,0,0,0,0,0,0,12.6077714682285,85.8952195187007,19.0851856267603,0,0,0,0,0,0,0,120.3,0,0,0,0,0,0,0,0,0,0,0,0,0,0,0,61.2,123.4
"37",140.244802616211,1.7997696440676,0,0,0,0,0,0,0,10.8391345739612,44.711538844484,22.2806588600686,0,0,0,0,0,0,0,149.5,0,0,0,12.6,0,0,0,0,0,0,0,0,0,0,0,71.2,4.5
"38",203.49824807288,12.2333888266087,0,0,0,0,0,0,0,10.2780471116954,45.0272946497288,17.5614400516519,0,0,0,0,0,0,0,0,0,0,0,104.8,0,0,0,0,0,0,0,0,0,0,0,56.6,122.5
"39",139.861714552675,0.343890790632168,0,0,0,0,0,0,0,12.4849011181015,37.0945919576187,16.9024472516677,0,0,0,0,0,0,0,0,0,0,0,108.1,0,0,0,0,0,0,0,111.3,0,0,1.6,54.6,109.8
"40",167.434711516001,6.96403138250507,0,0,0,0,0,0,0,8.28451687316566,56.2026006812764,14.6573416241084,0,0,0,0,0,0,0,0,0,0,0,161.8,0,0,0,0,0,0,14.8,128.7,3,0,112.2,60.1,7
"41",256.609203457136,26.0003788783358,0,0,0,0,0,0,0,5.32983065844256,18.9680084617692,15.3405588571868,0,0,0,0,0,0,0,0,0,0,0,0,0,0,0,0,0,0,113.9,141.2,110.3,0,105.6,42.9,169.9
"42",174.629292221444,10.0596265881271,0,0,0,0,0,0,0,6.02573624076606,43.2494698335495,12.9325798829619,0,0,0,0,0,0,0,0,0,0,0,170.5,0,0,0,0,0,0,0,0,0,0,69.9,68.6,6.7
"43",188.817565989255,13.7982562932782,0,0,0,0,0,0,0,7.26192030669296,26.704991463833,18.7040438312968,0,0,0,0,0,0,0,0,0,0,0,0,0,0,0,0,0,0,0,79.9,73.2,0,0.5,88.7,243.299999999999
"44",130.438682550806,0.00367057561043876,0,0,0,0,0,0,0,8.52130517553041,25.2630350937982,11.3609770313941,0,0,0,0,0,0,0,0,0,0,0,0,0,0,0,0,0,0,0,136.4,127.7,0,123.2,60.1,9.5
"45",130.57509927587,0.308983592941261,0,0,0,0,0,0,0,3.88416843504586,8.0743459003205,18.6612702945039,0,0,0,0,0,0,0,0,0,0,0,1.3,0,0,0,0,0,0,0,96.3,0,0,171.6,89.1,198.199999999999
"46",146.289184769914,3.72713264165195,0,0,0,0,0,0,0,1.74385498937187,22.7088079402163,16.9805419327053,0,0,0,0,0,0,0,0,0,0,0,111.5,0,0,0,0,0,0,54.5,0,54.5,0,0,81.7,11.9
"47",129.283812193413,0.589473986498869,0,0,0,0,0,0,0,4.15648788702838,32.582789736982,18.3701679319825,0,0,0,0,0,0,0,0,0,0,0,138.9,0,0,0,0,0,0,244.8,0,247.4,0,0,93.1999999999999,133.2
"48",134.62368605466,0.931339324900267,0,0,0,0,0,0,0,3.50036222739236,43.52323934663,16.3928636595682,0,0,0,0,0,0,0,0,0,0,0,0,0,0,0,0,0,0,0,71.0000000000001,67.4,0,0,63.3,8.5
"49",219.07685120299,16.1479298228561,0,0,0,0,0,0,0,3.13356836793087,32.9382790079427,17.2478578414187,0,0,0,0,0,0,0,0,0,0,0,0,0,0,0,0,0,0,272.3015,107.3,91.3,0,0,79.2,7
"50",174.463910301331,0,0,0,0,0,0,0,0,3.59680616078387,36.3481026971849,17.3369631443231,0,0,0,0,0,0,0,0,0,0,0,0,0,0,0,0,0,0,0,144.7,109.9,0,0,89.7,8.8
"51",114.071478626489,0,0,0,0,0,0,0,0,3.41024558536904,37.6032070172526,16.9925615484367,0,0,0,0,0,0,0,0,0,0,0,0,0,0,0,0,0,0,0,0.2,88.1,0,0,71.7,98.1999999999999
"52",101.203457136183,0,1,0,0,0,0,0,0,3.38020670469459,35.6298629074601,17.1924608447261,0,0,0,0,0,0,0,0,0,0,0,14.5,0,0,0,0,0,0,0,0,0,0,0,64.4,14.8
